{
  "results": [
    {
      "command": "sleep 0.05; xdotool type \"123456789\"; xdotool key \"Return\" | age --decrypt test.age | tar x --zstd -f - -C safelock_dump",
      "mean": 3.2734613258266667,
      "stddev": 0.38923582353211417,
      "median": 3.30132871616,
      "user": 2.7651234999999996,
      "system": 6.166127426666666,
      "min": 2.87104071616,
      "max": 3.64801454516,
      "times": [
        3.64801454516,
        2.87104071616,
        3.30132871616
      ],
      "exit_codes": [
        0,
        0,
        0
      ]
    },
    {
      "command": "echo \"123456789\" | ~/Projects/safelock-cli/safelock-cli decrypt test.sla safelock_dump --quiet",
      "mean": 2.0015877658266668,
      "stddev": 0.006728462206629033,
      "median": 2.00485857816,
      "user": 2.4911125000000003,
      "system": 2.106313093333333,
      "min": 1.9938492011600002,
      "max": 2.00605551816,
      "times": [
        2.00605551816,
        1.9938492011600002,
        2.00485857816
      ],
      "exit_codes": [
        0,
        0,
        0
      ]
    },
    {
      "command": "7z e -y -p123456789 -mx1 test.7z -osafelock_dump",
      "mean": 18.780328156826666,
      "stddev": 0.09312114686946973,
      "median": 18.83279570716,
      "user": 20.808235166666666,
      "system": 1.4123247599999997,
      "min": 18.672811449159997,
      "max": 18.83537731416,
      "times": [
        18.83537731416,
        18.83279570716,
        18.672811449159997
      ],
      "exit_codes": [
        0,
        0,
        0
      ]
    },
    {
      "command": "gpgtar -d --yes --batch --gpg-args \"--passphrase 123456789\" test.gpg",
      "mean": 6.849333490159999,
      "stddev": 1.0445899571644215,
      "median": 6.89337370116,
      "user": 0.2077078333333333,
      "system": 1.5517317599999998,
      "min": 5.78341994016,
      "max": 7.87120682916,
      "times": [
        6.89337370116,
        7.87120682916,
        5.78341994016
      ],
      "exit_codes": [
        0,
        0,
        0
      ]
    }
  ]
}
