{
  "results": [
    {
      "command": "echo \"123456789\" | ~/Projects/safelock-cli/safelock-cli decrypt test.sla safelock_dump --quiet",
      "mean": 1.8276349158133336,
      "stddev": 0.14566191806696024,
      "median": 1.9042654354800002,
      "user": 2.309450346666667,
      "system": 1.9107805599999999,
      "min": 1.6596538664800002,
      "max": 1.9189854454800002,
      "times": [
        1.9189854454800002,
        1.9042654354800002,
        1.6596538664800002
      ],
      "exit_codes": [
        0,
        0,
        0
      ]
    },
    {
      "command": "sleep 0.05; xdotool type \"123456789\"; xdotool key \"Return\" | age --decrypt test.age | tar x --zstd -f - -C safelock_dump",
      "mean": 2.816656686146667,
      "stddev": 0.2702910723941267,
      "median": 2.9378343294800002,
      "user": 2.6122993466666666,
      "system": 5.240392226666667,
      "min": 2.50698103648,
      "max": 3.00515469248,
      "times": [
        3.00515469248,
        2.9378343294800002,
        2.50698103648
      ],
      "exit_codes": [
        0,
        0,
        0
      ]
    },
    {
      "command": "7z e -y -p123456789 -mx1 test.7z -osafelock_dump",
      "mean": 18.76303972514667,
      "stddev": 0.10991428273642811,
      "median": 18.72587103648,
      "user": 20.692533679999997,
      "system": 1.3673248933333333,
      "min": 18.67652879848,
      "max": 18.886719340480003,
      "times": [
        18.67652879848,
        18.886719340480003,
        18.72587103648
      ],
      "exit_codes": [
        0,
        0,
        0
      ]
    },
    {
      "command": "gpgtar -d --yes --batch --gpg-args \"--passphrase 123456789\" test.gpg",
      "mean": 6.573486912813334,
      "stddev": 0.3839886822791872,
      "median": 6.52200845048,
      "user": 0.21511468,
      "system": 1.4525625599999998,
      "min": 6.21783424048,
      "max": 6.98061804748,
      "times": [
        6.98061804748,
        6.52200845048,
        6.21783424048
      ],
      "exit_codes": [
        0,
        0,
        0
      ]
    }
  ]
}
