{
  "results": [
    {
      "command": "echo \"123456789\" | safelock-cli decrypt test.sla safelock_dump --quiet",
      "mean": 2.591056303126667,
      "stddev": 0.3072584303134709,
      "median": 2.4638408214600003,
      "user": 2.6658728066666666,
      "system": 1.96781978,
      "min": 2.36783672846,
      "max": 2.94149135946,
      "times": [
        2.94149135946,
        2.36783672846,
        2.4638408214600003
      ],
      "exit_codes": [
        0,
        0,
        0
      ]
    },
    {
      "command": "echo \"123456789\" | safelock-cli decrypt test_sha256.sla safelock_dump --quiet --sha256",
      "mean": 2.1992803144599997,
      "stddev": 0.4012681619295813,
      "median": 2.05163752946,
      "user": 2.160165473333333,
      "system": 1.6608864466666666,
      "min": 1.8927501014600001,
      "max": 2.65345331246,
      "times": [
        2.65345331246,
        1.8927501014600001,
        2.05163752946
      ],
      "exit_codes": [
        0,
        0,
        0
      ]
    },
    {
      "command": "echo \"123456789\" | safelock-cli decrypt test_sha512.sla safelock_dump --quiet --sha512",
      "mean": 2.1854930261266667,
      "stddev": 0.34595596536873846,
      "median": 2.12447426646,
      "user": 2.5949568066666666,
      "system": 1.4746104466666665,
      "min": 1.8741061304600002,
      "max": 2.55789868146,
      "times": [
        2.55789868146,
        2.12447426646,
        1.8741061304600002
      ],
      "exit_codes": [
        0,
        0,
        0
      ]
    },
    {
      "command": "gpgtar -d --yes --batch --gpg-args \"--passphrase 123456789\" test.gpg",
      "mean": 7.854353938126668,
      "stddev": 1.707887720081897,
      "median": 7.8766436114600005,
      "user": 0.22827714,
      "system": 1.6720551133333332,
      "min": 6.1354304734600005,
      "max": 9.55098772946,
      "times": [
        9.55098772946,
        7.8766436114600005,
        6.1354304734600005
      ],
      "exit_codes": [
        0,
        0,
        0
      ]
    }
  ]
}
