{
  "results": [
    {
      "command": "echo \"123456789\" | ~/Projects/safelock-cli/safelock-cli encrypt Videos test.sla --quiet",
      "mean": 2.915796215026667,
      "stddev": 0.6152785400365611,
      "median": 2.59659688136,
      "user": 2.9221347666666673,
      "system": 1.8123637266666666,
      "min": 2.52571277236,
      "max": 3.62507899136,
      "times": [
        3.62507899136,
        2.59659688136,
        2.52571277236
      ],
      "exit_codes": [
        0,
        0,
        0
      ]
    },
    {
      "command": "tar cv --zstd Videos | . /home/mrf3/Projects/safelock-cli/benchmark/pipe_age_password.sh | age -e -p -o test.age",
      "mean": 3.5844030323599996,
      "stddev": 0.8456093581031698,
      "median": 3.99741505136,
      "user": 3.664084433333333,
      "system": 4.025338726666667,
      "min": 2.61165881536,
      "max": 4.14413523036,
      "times": [
        2.61165881536,
        3.99741505136,
        4.14413523036
      ],
      "exit_codes": [
        0,
        0,
        0
      ]
    },
    {
      "command": "7z a -p123456789 -mx1 test.7z Videos",
      "mean": 20.89819147436,
      "stddev": 0.521090452676126,
      "median": 20.99556633936,
      "user": 144.56984343333332,
      "system": 1.0643993933333333,
      "min": 20.33528243436,
      "max": 21.36372564936,
      "times": [
        21.36372564936,
        20.33528243436,
        20.99556633936
      ],
      "exit_codes": [
        0,
        0,
        0
      ]
    },
    {
      "command": "gpgtar -e -o test.gpg -c --yes --batch --gpg-args \"--passphrase 123456789\" Videos",
      "mean": 44.73956679669333,
      "stddev": 3.0879084948438327,
      "median": 44.51365098336,
      "user": 34.082144766666666,
      "system": 9.58027806,
      "min": 41.77082056336,
      "max": 47.93422884336,
      "times": [
        44.51365098336,
        47.93422884336,
        41.77082056336
      ],
      "exit_codes": [
        0,
        0,
        0
      ]
    }
  ]
}
