{
  "results": [
    {
      "command": "echo \"123456789\" | safelock-cli encrypt test test.sla --quiet",
      "mean": 2.3078756149333333,
      "stddev": 0.019208610839248,
      "median": 2.3030128716,
      "user": 3.5797244999999998,
      "system": 1.2082247399999997,
      "min": 2.2915656946,
      "max": 2.3290482786,
      "times": [
        2.3290482786,
        2.2915656946,
        2.3030128716
      ],
      "exit_codes": [
        0,
        0,
        0
      ]
    },
    {
      "command": "echo \"123456789\" | safelock-cli encrypt test test_sha256.sla --quiet --sha256",
      "mean": 2.364359243266667,
      "stddev": 0.11326688774625213,
      "median": 2.3016267516,
      "user": 3.891836833333333,
      "system": 1.2837120733333334,
      "min": 2.2963380466000003,
      "max": 2.4951129316,
      "times": [
        2.4951129316,
        2.2963380466000003,
        2.3016267516
      ],
      "exit_codes": [
        0,
        0,
        0
      ]
    },
    {
      "command": "echo \"123456789\" | safelock-cli encrypt test test_sha512.sla --quiet --sha512",
      "mean": 2.4259253342666667,
      "stddev": 0.228772730074746,
      "median": 2.3097034366,
      "user": 4.034212833333334,
      "system": 1.2618734066666664,
      "min": 2.2785945276,
      "max": 2.6894780386,
      "times": [
        2.6894780386,
        2.2785945276,
        2.3097034366
      ],
      "exit_codes": [
        0,
        0,
        0
      ]
    },
    {
      "command": "gpgtar -e -o test.gpg -c --yes --batch --gpg-args \"--passphrase 123456789\" test/",
      "mean": 44.27242020093333,
      "stddev": 1.1158441010334361,
      "median": 44.070407816599996,
      "user": 34.355086166666666,
      "system": 10.122625073333332,
      "min": 43.2713822446,
      "max": 45.4754705416,
      "times": [
        43.2713822446,
        45.4754705416,
        44.070407816599996
      ],
      "exit_codes": [
        0,
        0,
        0
      ]
    }
  ]
}
