{
  "results": [
    {
      "command": "tar cv --zstd Videos | . ~/Projects/safelock-cli/benchmark/pipe_age_password.sh | age -e -p -o test.age",
      "mean": 3.402120916973333,
      "stddev": 0.36723519264164584,
      "median": 3.5784137606399997,
      "user": 3.4905991999999997,
      "system": 3.9755335666666665,
      "min": 2.97998001664,
      "max": 3.64796897364,
      "times": [
        3.5784137606399997,
        2.97998001664,
        3.64796897364
      ],
      "exit_codes": [
        0,
        0,
        0
      ]
    },
    {
      "command": "echo \"123456789\" | ~/Projects/safelock-cli/safelock-cli encrypt Videos test.sla --quiet",
      "mean": 3.513391508973333,
      "stddev": 0.38369050393747534,
      "median": 3.50677411664,
      "user": 2.8737848666666665,
      "system": 2.7115099,
      "min": 3.13305250164,
      "max": 3.9003479086399997,
      "times": [
        3.50677411664,
        3.9003479086399997,
        3.13305250164
      ],
      "exit_codes": [
        0,
        0,
        0
      ]
    },
    {
      "command": "7z a -p123456789 -mx1 test.7z Videos",
      "mean": 20.72411361464,
      "stddev": 0.31234900452082415,
      "median": 20.87433041064,
      "user": 144.74405119999997,
      "system": 1.040940233333333,
      "min": 20.365036756640002,
      "max": 20.93297367664,
      "times": [
        20.87433041064,
        20.365036756640002,
        20.93297367664
      ],
      "exit_codes": [
        0,
        0,
        0
      ]
    },
    {
      "command": "gpgtar -e -o test.gpg -c --yes --batch --gpg-args \"--passphrase 123456789\" Videos",
      "mean": 45.75403499330667,
      "stddev": 1.37469158193794,
      "median": 45.82139649264,
      "user": 34.73840786666667,
      "system": 10.408470566666665,
      "min": 44.346901016640004,
      "max": 47.09380747064,
      "times": [
        47.09380747064,
        45.82139649264,
        44.346901016640004
      ],
      "exit_codes": [
        0,
        0,
        0
      ]
    }
  ]
}
